-- phpMyAdmin SQL Dump
-- version 5.2.0
-- https://www.phpmyadmin.net/
--
-- Host: 127.0.0.1
-- Generation Time: Jul 06, 2022 at 01:36 PM
-- Server version: 10.4.24-MariaDB
-- PHP Version: 7.4.29

SET SQL_MODE = "NO_AUTO_VALUE_ON_ZERO";
START TRANSACTION;
SET time_zone = "+00:00";


/*!40101 SET @OLD_CHARACTER_SET_CLIENT=@@CHARACTER_SET_CLIENT */;
/*!40101 SET @OLD_CHARACTER_SET_RESULTS=@@CHARACTER_SET_RESULTS */;
/*!40101 SET @OLD_COLLATION_CONNECTION=@@COLLATION_CONNECTION */;
/*!40101 SET NAMES utf8mb4 */;

--
-- Database: `grocery_gnt`
--

-- --------------------------------------------------------

--
-- Table structure for table `failed_jobs`
--

CREATE TABLE `failed_jobs` (
  `id` bigint(20) UNSIGNED NOT NULL,
  `uuid` varchar(255) COLLATE utf8mb4_unicode_ci NOT NULL,
  `connection` text COLLATE utf8mb4_unicode_ci NOT NULL,
  `queue` text COLLATE utf8mb4_unicode_ci NOT NULL,
  `payload` longtext COLLATE utf8mb4_unicode_ci NOT NULL,
  `exception` longtext COLLATE utf8mb4_unicode_ci NOT NULL,
  `failed_at` timestamp NOT NULL DEFAULT current_timestamp()
) ENGINE=InnoDB DEFAULT CHARSET=utf8mb4 COLLATE=utf8mb4_unicode_ci;

-- --------------------------------------------------------

--
-- Table structure for table `invoices`
--

CREATE TABLE `invoices` (
  `id` int(10) UNSIGNED NOT NULL,
  `invoice_number` int(11) DEFAULT NULL,
  `total` int(11) DEFAULT NULL,
  `payment_method` varchar(100) COLLATE utf8mb4_unicode_ci DEFAULT NULL,
  `date` varchar(100) COLLATE utf8mb4_unicode_ci NOT NULL,
  `customer_email` varchar(100) COLLATE utf8mb4_unicode_ci DEFAULT NULL,
  `customer_name` varchar(100) COLLATE utf8mb4_unicode_ci DEFAULT NULL,
  `created_at` timestamp NULL DEFAULT NULL,
  `updated_at` timestamp NULL DEFAULT NULL,
  `bought_by` varchar(30) COLLATE utf8mb4_unicode_ci NOT NULL DEFAULT 'admin'
) ENGINE=InnoDB DEFAULT CHARSET=utf8mb4 COLLATE=utf8mb4_unicode_ci;

--
-- Dumping data for table `invoices`
--

INSERT INTO `invoices` (`id`, `invoice_number`, `total`, `payment_method`, `date`, `customer_email`, `customer_name`, `created_at`, `updated_at`, `bought_by`) VALUES
(552338743, 552338743, 1070, 'card', '2022-06-13', 'rafid@mail.com', 'rafid', '2022-06-13 04:41:18', '2022-06-13 04:41:18', 'admin'),
(552338744, 552338744, 380, 'cash', '2022-06-13', NULL, 'tahmeed', '2022-06-13 04:43:05', '2022-06-13 04:43:05', 'admin'),
(552338745, 552338745, 110, 'cash', '2022-06-13', NULL, 'anowar', '2022-06-13 04:43:50', '2022-06-13 04:43:50', 'admin'),
(552338746, 552338746, 150, 'card', '2022-06-13', NULL, NULL, '2022-06-13 04:44:03', '2022-06-13 04:44:03', 'admin'),
(552338747, 552338747, 1230, 'cash', '2022-06-13', NULL, NULL, '2022-06-13 04:44:11', '2022-06-13 04:44:11', 'admin'),
(552338748, 552338748, 150, 'cash', '2022-06-13', NULL, 'Cheezy beezy', '2022-06-13 04:47:42', '2022-06-13 04:47:42', 'admin'),
(552338749, 552338749, 150, 'cash', '2022-06-13', NULL, 'Cheezy beezy', '2022-06-13 04:48:06', '2022-06-13 04:48:06', 'admin'),
(552338750, 552338750, 100, 'cash', '2022-06-13', NULL, 'Mr. Mokles', '2022-06-13 04:48:40', '2022-06-13 04:48:40', 'admin'),
(552338751, 552338751, 130, 'card', '2022-06-13', 'tahmeed@mail.com', 'rafid', '2022-06-13 04:54:26', '2022-06-13 04:54:26', 'admin'),
(552338752, 552338752, 265, 'card', '2022-06-13', 'mail@nai.com', 'person', '2022-06-13 09:00:52', '2022-06-13 09:00:52', 'admin'),
(552338753, 552338753, 350, 'cash', '2022-06-14', 'tahmeed@mail.com', 'fdgfd', '2022-06-14 09:24:02', '2022-06-14 09:24:02', 'admin'),
(552338754, 552338754, 350, 'cash', '2022-06-14', 'tahmeed@mail.com', 'fdgfd', '2022-06-14 09:24:50', '2022-06-14 09:24:50', 'admin'),
(552338755, 552338755, 350, 'cash', '2022-06-14', 'tahmeed@mail.com', 'fdgfd', '2022-06-14 09:25:40', '2022-06-14 09:25:40', 'admin'),
(552338756, 552338756, 180, 'cash', '2022-06-14', 'tahmeed@mail.com', 'hi', '2022-06-14 09:29:07', '2022-06-14 09:29:07', 'admin'),
(552338757, 552338757, 180, 'cash', '2022-06-14', 'tahmeed@mail.com', 'hi', '2022-06-14 09:32:40', '2022-06-14 09:32:40', 'admin'),
(552338758, 552338758, 180, 'cash', '2022-06-14', 'tahmeed@mail.com', 'hi', '2022-06-14 09:34:07', '2022-06-14 09:34:07', 'admin'),
(552338759, 552338759, 180, 'cash', '2022-06-14', 'tahmeed@mail.com', 'hi', '2022-06-14 09:34:30', '2022-06-14 09:34:30', 'admin'),
(552338760, 552338760, 180, 'cash', '2022-06-14', 'tahmeed@mail.com', 'hi', '2022-06-14 09:34:51', '2022-06-14 09:34:51', 'admin'),
(552338761, 552338761, 180, 'cash', '2022-06-14', 'tahmeed@mail.com', 'hi1', '2022-06-14 09:36:46', '2022-06-14 09:36:46', 'admin'),
(552338762, 552338762, 180, 'cash', '2022-06-14', 'tahmeed@mail.com', 'hi1', '2022-06-14 09:49:04', '2022-06-14 09:49:04', 'admin'),
(552338763, 552338763, 180, 'cash', '2022-06-14', 'tahmeed@mail.com', 'hi1', '2022-06-14 09:49:54', '2022-06-14 09:49:54', 'admin'),
(552338764, 552338764, 180, 'cash', '2022-06-14', 'tahmeed@mail.com', 'hi1', '2022-06-14 09:50:10', '2022-06-14 09:50:10', 'admin'),
(552338765, 552338765, 180, 'cash', '2022-06-14', 'tahmeed@mail.com', 'hi1', '2022-06-14 10:06:04', '2022-06-14 10:06:04', 'admin'),
(552338766, 552338766, 180, 'cash', '2022-06-14', 'tahmeed@mail.com', 'hi1', '2022-06-14 10:06:19', '2022-06-14 10:06:19', 'admin'),
(552338767, 552338767, 180, 'cash', '2022-06-14', 'tahmeed@mail.com', 'hi1', '2022-06-14 10:11:37', '2022-06-14 10:11:37', 'admin'),
(552338768, 552338768, 160, 'cash', '2022-06-14', NULL, NULL, '2022-06-14 10:32:02', '2022-06-14 10:32:02', 'admin'),
(552338769, 552338769, 160, 'cash', '2022-06-14', NULL, NULL, '2022-06-14 10:36:27', '2022-06-14 10:36:27', 'admin'),
(552338770, 552338770, 165, 'cash', '2022-06-14', 'fds@gtf.com', NULL, '2022-06-14 10:37:11', '2022-06-14 10:37:11', 'admin'),
(552338771, 552338771, 20, 'cash', '2022-06-14', 'tahmeed@mail.com', NULL, '2022-06-14 10:43:03', '2022-06-14 10:43:03', 'admin'),
(552338772, 552338772, 20, 'cash', '2022-06-14', 'tahmeed@mail.com', NULL, '2022-06-14 10:44:19', '2022-06-14 10:44:19', 'admin'),
(552338773, 552338773, 60, 'cash', '2022-06-14', 'tahmeed@mail.com', NULL, '2022-06-14 11:36:46', '2022-06-14 11:36:46', 'admin'),
(552338774, 552338774, 730, 'card', '2022-06-14', 'tahmeed@mail.com', 'rafid', '2022-06-14 11:38:42', '2022-06-14 11:38:42', 'admin'),
(552338775, 552338775, 140, 'card', '2022-06-14', 'tahmeed@mail.com', 'rafid', '2022-06-14 11:40:21', '2022-06-14 11:40:21', 'admin'),
(552338776, 552338776, 140, 'card', '2022-06-14', 'tahmeed@mail.com', 'rafid', '2022-06-14 12:30:51', '2022-06-14 12:30:51', 'admin'),
(552338777, 552338777, 470, 'cash', '2022-06-14', NULL, 'rafid', '2022-06-14 12:33:51', '2022-06-14 12:33:51', 'admin'),
(552338778, 552338778, 855, 'cash', '2022-06-14', 'tahmeed@mail.com', NULL, '2022-06-14 12:36:41', '2022-06-14 12:36:41', 'admin'),
(552338779, 552338779, 855, 'cash', '2022-06-14', 'tahmeed@mail.com', NULL, '2022-06-14 12:37:52', '2022-06-14 12:37:52', 'admin'),
(552338780, 552338780, 440, 'cash', '2022-06-14', NULL, NULL, '2022-06-14 12:38:39', '2022-06-14 12:38:39', 'admin'),
(552338781, 552338781, 1195, 'card', '2022-06-15', 'tahmeed@mail.com', NULL, '2022-06-15 10:25:51', '2022-06-15 10:25:51', 'admin'),
(552338782, 552338782, 160, 'cash', '2022-06-15', 'tahmeed@mail.com', 'rafid', '2022-06-15 10:42:54', '2022-06-15 10:42:54', 'admin'),
(552338783, 552338783, 160, 'cash', '2022-06-15', 'tahmeed@mail.com', 'rafid', '2022-06-15 10:43:15', '2022-06-15 10:43:15', 'admin'),
(552338784, 552338784, 40, 'cash', '2022-06-15', 'tahmeed@mail.com', NULL, '2022-06-15 10:44:07', '2022-06-15 10:44:07', 'admin'),
(552338785, 552338785, 40, 'cash', '2022-06-15', 'tahmeed@mail.com', NULL, '2022-06-15 10:52:50', '2022-06-15 10:52:50', 'admin'),
(552338786, 552338786, 40, 'cash', '2022-06-15', 'tahmeed@mail.com', NULL, '2022-06-15 10:55:29', '2022-06-15 10:55:29', 'admin'),
(552338787, 552338787, 40, 'cash', '2022-06-15', 'tahmeed@mail.com', NULL, '2022-06-15 10:56:27', '2022-06-15 10:56:27', 'admin'),
(552338788, 552338788, 20, 'cash', '2022-06-15', 'tahmeed@mail.com', NULL, '2022-06-15 11:02:04', '2022-06-15 11:02:04', 'admin'),
(552338789, 552338789, 60, 'cash', '2022-06-15', 'tahmeed@mail.com', NULL, '2022-06-15 11:02:39', '2022-06-15 11:02:39', 'admin'),
(552338790, 552338790, 60, 'cash', '2022-06-15', 'tahmeed@mail.com', NULL, '2022-06-15 11:04:32', '2022-06-15 11:04:32', 'admin'),
(552338791, 552338791, 20, 'cash', '2022-06-15', 'tahmeed@mail.com', NULL, '2022-06-15 11:10:29', '2022-06-15 11:10:29', 'admin'),
(552338792, 552338792, 20, 'cash', '2022-06-15', 'tahmeed@mail.com', NULL, '2022-06-15 11:12:46', '2022-06-15 11:12:46', 'admin'),
(552338793, 552338793, 20, 'cash', '2022-06-15', 'tahmidmahbub168@gmail.com', NULL, '2022-06-15 11:13:02', '2022-06-15 11:13:02', 'admin'),
(552338794, 552338794, 165, 'cash', '2022-06-15', 'tahmidmahbub168@gmail.com', NULL, '2022-06-15 11:13:41', '2022-06-15 11:13:41', 'admin'),
(552338795, 552338795, 40, 'cash', '2022-06-15', 'tahmidmahbub168@gmail.com', NULL, '2022-06-15 11:15:40', '2022-06-15 11:15:40', 'admin'),
(552338796, 552338796, 615, 'cash', '2022-06-15', 'tahmidmahbub168@gmail.com', NULL, '2022-06-15 11:16:37', '2022-06-15 11:16:37', 'admin'),
(552338797, 552338797, 410, 'cash', '2022-06-15', 'tahmidmahbub168@gmail.com', NULL, '2022-06-15 11:19:25', '2022-06-15 11:19:25', 'admin'),
(552338798, 552338798, 410, 'cash', '2022-06-15', 'tahmidmahbub168@gmail.com', NULL, '2022-06-15 11:21:07', '2022-06-15 11:21:07', 'admin'),
(552338799, 552338799, 410, 'cash', '2022-06-15', 'tahmidmahbub168@gmail.com', NULL, '2022-06-15 11:26:16', '2022-06-15 11:26:16', 'admin'),
(552338800, 552338800, 410, 'cash', '2022-06-15', 'tahmidmahbub168@gmail.com', NULL, '2022-06-15 11:27:40', '2022-06-15 11:27:40', 'admin'),
(552338801, 552338801, 410, 'cash', '2022-06-15', 'tahmidmahbub168@gmail.com', NULL, '2022-06-15 11:28:05', '2022-06-15 11:28:05', 'admin'),
(552338802, 552338802, 410, 'cash', '2022-06-15', 'tahmidmahbub168@gmail.com', NULL, '2022-06-15 11:28:27', '2022-06-15 11:28:27', 'admin'),
(552338803, 552338803, 60, 'cash', '2022-06-15', 'tahmidmahbub168@gmail.com', NULL, '2022-06-15 11:29:34', '2022-06-15 11:29:34', 'admin'),
(552338804, 552338804, 60, 'cash', '2022-06-15', 'tahmidmahbub168@gmail.com', NULL, '2022-06-15 11:32:48', '2022-06-15 11:32:49', 'admin'),
(552338805, 552338805, 55, 'cash', '2022-06-15', 'tahmeed@mail.com', NULL, '2022-06-15 11:36:50', '2022-06-15 11:36:50', 'admin'),
(552338806, 552338806, 180, 'cash', '2022-06-15', 'tahmeed@mail.com', NULL, '2022-06-15 11:40:11', '2022-06-15 11:40:11', 'admin'),
(552338807, 552338807, 240, 'cash', '2022-06-15', 'tahmidmahbub168@gmail.com', NULL, '2022-06-15 11:46:55', '2022-06-15 11:46:55', 'admin'),
(552338808, 552338808, 190, 'cash', '2022-06-15', 'tahmidmahbub168@gmail.com', NULL, '2022-06-15 11:51:36', '2022-06-15 11:51:36', 'admin'),
(552338809, 552338809, 190, 'cash', '2022-06-15', 'tahmidmahbub168@gmail.com', NULL, '2022-06-15 11:52:01', '2022-06-15 11:52:01', 'admin'),
(552338810, 552338810, 190, 'cash', '2022-06-15', 'tahmidmahbub168@gmail.com', NULL, '2022-06-15 11:54:05', '2022-06-15 11:54:05', 'admin'),
(552338811, 552338811, 150, 'cash', '2022-06-15', 'tahmidmahbub168@gmail.com', NULL, '2022-06-15 12:03:31', '2022-06-15 12:03:31', 'admin'),
(552338812, 552338812, 50, 'cash', '2022-06-15', 'tahmidmahbub168@gmail.com', NULL, '2022-06-15 12:06:26', '2022-06-15 12:06:26', 'admin'),
(552338813, 552338813, 180, 'cash', '2022-06-15', 'tahmidmahbub168@gmail.com', NULL, '2022-06-15 12:13:25', '2022-06-15 12:13:25', 'admin'),
(552338814, 552338814, 300, 'card', '2022-06-15', 'tahmidmahbub168@gmail.com', 'rafid', '2022-06-15 12:23:36', '2022-06-15 12:23:36', 'admin'),
(552338815, 552338815, 380, 'cash', '2022-06-15', 'tahmidmahbub168@gmail.com', 'rafid', '2022-06-15 12:26:34', '2022-06-15 12:26:34', 'admin'),
(552338816, 552338816, 350, 'cash', '2022-06-16', 'tahmeed@mail.com', NULL, '2022-06-16 04:19:56', '2022-06-16 04:19:56', 'admin'),
(552338817, 552338817, 810, 'card', '2022-06-16', 'tahmeed@mail.com', 'rafid', '2022-06-16 05:13:41', '2022-06-16 05:13:41', 'admin'),
(552338818, 552338818, 600, 'card', '2022-06-16', 'tahmeed@mail.com', 'rafid', '2022-06-16 08:36:43', '2022-06-16 08:36:43', 'admin'),
(552338819, 552338819, 90, 'cash', '2022-06-16', 't@g.c', NULL, '2022-06-16 09:15:37', '2022-06-16 09:15:37', 'admin'),
(552338820, 552338820, 285, 'card', '2022-06-16', 'tahmeed@mail.com', 'rafid', '2022-06-16 09:16:02', '2022-06-16 09:16:02', 'admin'),
(552338821, 552338821, 296, 'card', '2022-06-16', 'tahmeed@mail.com', 'rafid', '2022-06-16 09:43:21', '2022-06-16 09:43:21', 'admin'),
(552338822, 552338822, 6673, 'card', '2022-06-16', 'tahmidmahbub168@gmail.com', 'tahmeed', '2022-06-16 12:07:53', '2022-06-16 12:07:53', 'admin'),
(552338823, 552338823, 3799, 'card', '2022-06-19', 'tahmeed@gmail.com', NULL, '2022-06-19 12:04:40', '2022-06-19 12:04:40', 'admin'),
(552338824, 552338824, 2264, 'cash', '2022-06-19', NULL, 'Tahmeed', '2022-06-19 12:10:09', '2022-06-19 12:10:09', 'admin'),
(552338825, 552338825, 1040, 'cash', '2022-06-20', NULL, NULL, '2022-06-20 10:17:52', '2022-06-20 10:17:52', 'admin'),
(552338826, 552338826, 1000, 'cash', '2022-06-20', NULL, NULL, '2022-06-20 12:40:05', '2022-06-20 12:40:05', 'admin'),
(552338827, 552338827, 3363, 'cash', '2022-06-21', NULL, NULL, '2022-06-21 05:58:13', '2022-06-21 05:58:13', 'admin'),
(552338828, 552338828, 1310, 'cash', '2022-06-21', NULL, NULL, '2022-06-21 06:26:54', '2022-06-21 06:26:54', 'admin'),
(552338829, 552338829, 2580, 'card', '2022-06-22', 'tahmeed@gmail.com', 'Tahmeed', '2022-06-22 08:19:47', '2022-06-22 08:19:47', 'admin'),
(552338830, 552338830, 4230, 'card', '2022-06-22', 'tahmeed123@gmail.com', 'Tahmeed', '2022-06-22 08:20:33', '2022-06-22 08:20:33', 'admin'),
(552338831, 552338831, 8926, 'cash', '2022-06-22', 'stock@out.com', 'Stock Taker', '2022-06-22 08:21:59', '2022-06-22 08:21:59', 'admin'),
(552338832, 552338832, 352, 'cash', '2022-06-23', NULL, NULL, '2022-06-23 11:41:43', '2022-06-23 11:41:43', 'admin'),
(552338833, 552338833, 1550, 'cash', '2022-06-23', 'tahmeed@gmail.com', 'Tahmeed', '2022-06-23 12:02:27', '2022-06-23 12:02:27', 'admin'),
(552338834, 552338834, 4980, 'cash', '2022-06-23', NULL, NULL, '2022-06-23 12:05:02', '2022-06-23 12:05:02', 'admin'),
(552338835, 552338835, 40, 'cash', '2022-06-27', 'admin@gmail.com', 'rafid', '2022-06-27 04:46:35', '2022-06-27 04:46:35', 'admin'),
(552338836, 552338836, 40, 'cash', '2022-06-27', 'admin@gmail.com', 'rafid', '2022-06-27 04:48:52', '2022-06-27 04:48:52', 'admin'),
(552338837, 552338837, 410, 'cash', '2022-06-27', 'admin@gmail.com', 'rafid', '2022-06-27 04:49:45', '2022-06-27 04:49:45', 'admin'),
(552338838, 552338838, 244, 'cash', '2022-06-27', 'admin@gmail.com', 'rafid', '2022-06-27 05:06:32', '2022-06-27 05:06:32', '2'),
(552338839, 552338839, 52, 'cash', '2022-06-27', 'admin@gmail.com', 'rafid', '2022-06-27 05:07:34', '2022-06-27 05:07:34', '2'),
(552338840, 552338840, 52, 'cash', '2022-06-27', 'admin@gmail.com', 'rafid', '2022-06-27 05:08:08', '2022-06-27 05:08:08', '2'),
(552338841, 552338841, 120, 'cash', '2022-06-27', 'admin@gmail.com', 'rafid', '2022-06-27 05:10:39', '2022-06-27 05:10:39', '2'),
(552338842, 552338842, 20, 'cash', '2022-06-27', 'admin@gmail.com', 'rafid', '2022-06-27 05:40:03', '2022-06-27 05:40:03', '2'),
(552338843, 552338843, 600, 'card', '2022-06-28', NULL, NULL, '2022-06-28 08:34:25', '2022-06-28 08:34:25', 'admin'),
(552338844, 552338844, 865, 'card', '2022-06-28', 'admin@gmail.com', 'rafid', '2022-06-28 08:36:04', '2022-06-28 08:36:04', '2'),
(552338845, 552338845, 2905, 'cash', '2022-06-28', 'tahmeed@gmail.com', 'Tahmeed', '2022-06-28 10:21:51', '2022-06-28 10:21:51', 'admin'),
(552338846, 552338846, 840, 'card', '2022-06-28', 'j@g.c', 'james', '2022-06-28 10:45:34', '2022-06-28 10:45:34', '4'),
(552338847, 552338847, 625, 'cash', '2022-06-29', NULL, NULL, '2022-06-29 12:18:05', '2022-06-29 12:18:05', 'admin'),
(552338848, 552338848, 576, 'card', '2022-06-29', NULL, NULL, '2022-06-29 12:18:23', '2022-06-29 12:18:23', 'admin'),
(552338849, 552338849, 1285, 'card', '2022-07-06', 'rafid@gmail.com', 'Rafid', '2022-07-06 05:32:38', '2022-07-06 05:32:38', '61');

-- --------------------------------------------------------

--
-- Table structure for table `migrations`
--

CREATE TABLE `migrations` (
  `id` int(10) UNSIGNED NOT NULL,
  `migration` varchar(255) COLLATE utf8mb4_unicode_ci NOT NULL,
  `batch` int(11) NOT NULL
) ENGINE=InnoDB DEFAULT CHARSET=utf8mb4 COLLATE=utf8mb4_unicode_ci;

--
-- Dumping data for table `migrations`
--

INSERT INTO `migrations` (`id`, `migration`, `batch`) VALUES
(1, '2014_10_12_000000_create_users_table', 1),
(2, '2014_10_12_100000_create_password_resets_table', 1),
(3, '2022_06_06_063145_create_products_table', 1),
(4, '2022_06_07_052315_create_invoices_table', 1),
(5, '2022_06_07_052544_create_sold_items_table', 1),
(6, '2022_06_21_041718_create_visitor_table', 2),
(7, '2022_06_22_120452_create_users_table', 3),
(8, '2022_06_22_144152_create_users_table', 4),
(9, '2019_08_19_000000_create_failed_jobs_table', 5),
(10, '2019_12_14_000001_create_personal_access_tokens_table', 5);

-- --------------------------------------------------------

--
-- Table structure for table `password_resets`
--

CREATE TABLE `password_resets` (
  `email` varchar(255) COLLATE utf8mb4_unicode_ci NOT NULL,
  `token` varchar(255) COLLATE utf8mb4_unicode_ci NOT NULL,
  `created_at` timestamp NULL DEFAULT NULL
) ENGINE=InnoDB DEFAULT CHARSET=utf8mb4 COLLATE=utf8mb4_unicode_ci;

-- --------------------------------------------------------

--
-- Table structure for table `personal_access_tokens`
--

CREATE TABLE `personal_access_tokens` (
  `id` bigint(20) UNSIGNED NOT NULL,
  `tokenable_type` varchar(255) COLLATE utf8mb4_unicode_ci NOT NULL,
  `tokenable_id` bigint(20) UNSIGNED NOT NULL,
  `name` varchar(255) COLLATE utf8mb4_unicode_ci NOT NULL,
  `token` varchar(64) COLLATE utf8mb4_unicode_ci NOT NULL,
  `abilities` text COLLATE utf8mb4_unicode_ci DEFAULT NULL,
  `last_used_at` timestamp NULL DEFAULT NULL,
  `created_at` timestamp NULL DEFAULT NULL,
  `updated_at` timestamp NULL DEFAULT NULL
) ENGINE=InnoDB DEFAULT CHARSET=utf8mb4 COLLATE=utf8mb4_unicode_ci;

--
-- Dumping data for table `personal_access_tokens`
--

INSERT INTO `personal_access_tokens` (`id`, `tokenable_type`, `tokenable_id`, `name`, `token`, `abilities`, `last_used_at`, `created_at`, `updated_at`) VALUES
(1, 'App\\Models\\User', 53, 'myapptoken', '2df120b6de4edd0103c01705b4134e1f1a7d298b1e5ae7a676ffd42572505c2a', '[\"*\"]', NULL, '2022-06-27 05:45:37', '2022-06-27 05:45:37'),
(2, 'App\\Models\\User', 54, 'myapptoken', 'abd949578c66417fc55b474847a0a3a43585802d977c1e86f5c88aacec0f5bed', '[\"*\"]', NULL, '2022-06-27 05:46:02', '2022-06-27 05:46:02'),
(3, 'App\\Models\\User', 55, 'myapptoken', '719f697e22407484cf556cbfc4556e9a141fe00e76dd318bd5bc359f9b972240', '[\"*\"]', NULL, '2022-06-27 05:46:19', '2022-06-27 05:46:19'),
(6, 'App\\Models\\User', 58, 'myapptoken', 'b393f985aab731d1ea9f467f1cca9cd8e276c297601351740ed55f3e5246609e', '[\"*\"]', NULL, '2022-06-27 05:53:03', '2022-06-27 05:53:03'),
(10, 'App\\Models\\User', 57, 'myapptoken', 'd50bacbd50a44f36edb9897ba3062603495b171e83c3025f2521169cf2095b32', '[\"*\"]', NULL, '2022-06-27 22:36:20', '2022-06-27 22:36:20');

-- --------------------------------------------------------

--
-- Table structure for table `products`
--

CREATE TABLE `products` (
  `id` int(10) UNSIGNED NOT NULL,
  `name` varchar(100) COLLATE utf8mb4_unicode_ci NOT NULL,
  `sku` varchar(100) COLLATE utf8mb4_unicode_ci NOT NULL,
  `stock` int(11) NOT NULL,
  `purchase_price` int(11) NOT NULL,
  `selling_price` int(11) NOT NULL,
  `description` text COLLATE utf8mb4_unicode_ci DEFAULT NULL,
  `created_at` timestamp NULL DEFAULT NULL,
  `updated_at` timestamp NULL DEFAULT NULL,
  `image` text COLLATE utf8mb4_unicode_ci NOT NULL DEFAULT 'products.jpg'
) ENGINE=InnoDB DEFAULT CHARSET=utf8mb4 COLLATE=utf8mb4_unicode_ci;

--
-- Dumping data for table `products`
--

INSERT INTO `products` (`id`, `name`, `sku`, `stock`, `purchase_price`, `selling_price`, `description`, `created_at`, `updated_at`, `image`) VALUES
(1, 'Rice', 'R123', 45, 70, 80, NULL, '2022-06-13 04:29:54', '2022-06-29 12:18:05', 'R123.jpg'),
(2, 'Oil', 'O123', 204, 195, 205, 'Soyabean oil is expensive', '2022-06-13 04:30:53', '2022-06-28 10:21:52', 'O123.jpg'),
(3, 'Water', 'W123', 0, 15, 20, 'It\'s 1 Liter Bottle', '2022-06-13 04:31:41', '2022-07-06 05:32:38', 'W123.jpg'),
(4, 'Juice', 'W124', 48, 50, 60, 'It\'s Garden Fresh Mango Juice', '2022-06-13 04:32:39', '2022-07-06 05:32:38', 'W124.jpg'),
(5, 'Tissue Box', 'T123', 28, 50, 55, 'Bashundhara Tissue', '2022-06-13 04:33:18', '2022-06-23 11:45:11', 'T123.jpg'),
(6, 'Chanachur', 'C123', 19, 40, 50, 'BBQ Chanachur is sweet and spicy', '2022-06-13 04:34:38', '2022-06-28 10:21:52', 'C123.jpg'),
(7, 'Biscuit', 'B123', 31, 40, 45, 'Home Made Biscuit', '2022-06-13 04:35:31', '2022-06-23 11:45:21', 'B123.jpg'),
(8, 'Chocolates', 'C124', 50, 100, 130, 'Cadbury Silk', '2022-06-13 04:36:17', '2022-06-23 11:45:30', 'C124.jpg'),
(9, 'Cheese', 'C125', 50, 35, 50, 'Sweedish Cheese', '2022-06-13 04:37:19', '2022-07-06 05:32:38', 'C125.jpg'),
(10, 'Puffed Rice', 'P123', 0, 25, 32, NULL, '2022-06-13 04:59:16', '2022-06-22 08:21:59', 'P123.jpg'),
(11, 'Lexus', 'L301', 0, 70, 100, 'Veg Biscuit', '2022-06-16 05:10:42', '2022-06-28 08:36:04', 'L301.jpg'),
(12, 'Snickers', 'S401', 78, 50, 70, 'Caramel Cocolate with Nut', '2022-06-16 05:11:33', '2022-06-28 10:21:52', 'S401.jpg'),
(13, 'Pepsi', 'P501', 13, 60, 80, NULL, '2022-06-16 05:12:56', '2022-06-20 10:17:52', 'P501.jpg'),
(14, 'Coke', 'C126', 41, 40, 45, NULL, '2022-06-16 10:29:19', '2022-07-06 05:32:38', 'C126.jpg'),
(15, 'CocaCola', 'C127', 222, 40, 45, NULL, '2022-06-16 11:21:29', '2022-06-28 08:36:04', 'C127.jpg'),
(17, 'candy', 'C128', 94, 7, 10, NULL, '2022-06-19 09:39:32', '2022-06-29 12:18:23', 'C128.jpg'),
(18, 'Jelly', 'J123', 36, 100, 120, 'Orange Flavour', '2022-06-19 09:43:29', '2022-06-22 08:20:33', 'products.jpg'),
(19, 'Bread', 'B124', 80, 25, 32, NULL, '2022-06-19 09:44:18', '2022-06-29 12:18:23', 'B124.jpg'),
(20, 'Pasta', 'P124', 18, 35, 43, NULL, '2022-06-19 09:47:04', '2022-06-29 12:18:23', 'products.jpg'),
(21, 'Egg', 'E123', 116, 8, 10, NULL, '2022-06-19 10:39:37', '2022-06-19 12:10:09', 'E123.jpg'),
(22, 'Pringles', 'P125', 22, 130, 140, NULL, '2022-06-19 10:43:18', '2022-06-28 10:21:52', 'products.jpg'),
(23, 'Chicken', 'C129', 30, 150, 200, 'Local Chicken', '2022-06-19 10:44:09', '2022-06-23 12:05:02', 'C129.jpg'),
(24, 'Chips', 'C130', 50, 10, 12, NULL, '2022-06-20 04:59:11', '2022-06-20 04:59:11', 'products.jpg');

-- --------------------------------------------------------

--
-- Table structure for table `sold_items`
--

CREATE TABLE `sold_items` (
  `id` int(10) UNSIGNED NOT NULL,
  `product_id` int(10) UNSIGNED NOT NULL,
  `invoice_id` int(10) UNSIGNED NOT NULL,
  `quantity` int(11) NOT NULL,
  `selling_price` int(11) NOT NULL,
  `created_at` timestamp NULL DEFAULT NULL,
  `updated_at` timestamp NULL DEFAULT NULL
) ENGINE=InnoDB DEFAULT CHARSET=utf8mb4 COLLATE=utf8mb4_unicode_ci;

--
-- Dumping data for table `sold_items`
--

INSERT INTO `sold_items` (`id`, `product_id`, `invoice_id`, `quantity`, `selling_price`, `created_at`, `updated_at`) VALUES
(4, 1, 552338743, 6, 100, '2022-06-13 04:41:18', '2022-06-12 18:00:00'),
(5, 3, 552338743, 9, 100, '2022-06-13 04:41:18', '2022-06-12 18:00:00'),
(6, 2, 552338743, 2, 100, '2022-06-13 04:41:18', '2022-06-12 18:00:00'),
(7, 1, 552338744, 3, 100, '2022-06-13 04:43:05', '2022-06-12 18:00:00'),
(8, 3, 552338744, 7, 100, '2022-06-13 04:43:05', '2022-06-12 18:00:00'),
(9, 5, 552338745, 2, 100, '2022-06-13 04:43:50', '2022-06-12 18:00:00'),
(10, 6, 552338746, 3, 100, '2022-06-13 04:44:03', '2022-06-12 18:00:00'),
(11, 2, 552338747, 6, 100, '2022-06-13 04:44:11', '2022-06-12 18:00:00'),
(12, 9, 552338748, 3, 100, '2022-06-13 04:47:42', '2022-06-12 18:00:00'),
(13, 9, 552338749, 3, 100, '2022-06-13 04:48:06', '2022-06-12 18:00:00'),
(14, 6, 552338750, 2, 100, '2022-06-13 04:48:40', '2022-06-12 18:00:00'),
(15, 8, 552338751, 1, 100, '2022-06-13 04:54:26', '2022-06-12 18:00:00'),
(16, 3, 552338752, 3, 100, '2022-06-13 09:00:52', '2022-06-12 18:00:00'),
(17, 2, 552338752, 1, 100, '2022-06-13 09:00:52', '2022-06-12 18:00:00'),
(18, 1, 552338753, 3, 100, '2022-06-14 09:24:02', '2022-06-14 09:24:02'),
(19, 5, 552338753, 2, 100, '2022-06-14 09:24:02', '2022-06-14 09:24:02'),
(20, 1, 552338754, 3, 100, '2022-06-14 09:24:50', '2022-06-14 09:24:50'),
(21, 5, 552338754, 2, 100, '2022-06-14 09:24:50', '2022-06-14 09:24:50'),
(22, 1, 552338755, 3, 100, '2022-06-14 09:25:40', '2022-06-14 09:25:40'),
(23, 5, 552338755, 2, 100, '2022-06-14 09:25:40', '2022-06-14 09:25:40'),
(24, 4, 552338756, 3, 100, '2022-06-14 09:29:07', '2022-06-14 09:29:07'),
(25, 4, 552338757, 3, 100, '2022-06-14 09:32:40', '2022-06-14 09:32:40'),
(26, 4, 552338758, 3, 100, '2022-06-14 09:34:07', '2022-06-14 09:34:07'),
(27, 4, 552338759, 3, 100, '2022-06-14 09:34:30', '2022-06-14 09:34:30'),
(28, 4, 552338760, 3, 100, '2022-06-14 09:34:51', '2022-06-14 09:34:51'),
(29, 4, 552338761, 3, 100, '2022-06-14 09:36:46', '2022-06-14 09:36:46'),
(30, 4, 552338762, 3, 100, '2022-06-14 09:49:04', '2022-06-14 09:49:04'),
(31, 4, 552338763, 3, 100, '2022-06-14 09:49:54', '2022-06-14 09:49:54'),
(32, 4, 552338764, 3, 100, '2022-06-14 09:50:10', '2022-06-14 09:50:10'),
(33, 4, 552338765, 3, 100, '2022-06-14 10:06:04', '2022-06-14 10:06:04'),
(34, 4, 552338766, 3, 100, '2022-06-14 10:06:19', '2022-06-14 10:06:19'),
(35, 4, 552338767, 3, 100, '2022-06-14 10:11:37', '2022-06-14 10:11:37'),
(36, 1, 552338768, 2, 100, '2022-06-14 10:32:02', '2022-06-14 10:32:02'),
(37, 1, 552338769, 2, 100, '2022-06-14 10:36:27', '2022-06-14 10:36:27'),
(38, 5, 552338770, 3, 100, '2022-06-14 10:37:11', '2022-06-14 10:37:11'),
(39, 3, 552338771, 1, 100, '2022-06-14 10:43:03', '2022-06-14 10:43:03'),
(40, 3, 552338772, 1, 100, '2022-06-14 10:44:19', '2022-06-14 10:44:19'),
(41, 3, 552338773, 3, 100, '2022-06-14 11:36:46', '2022-06-14 11:36:46'),
(42, 1, 552338774, 4, 100, '2022-06-14 11:38:42', '2022-06-14 11:38:42'),
(43, 2, 552338774, 2, 100, '2022-06-14 11:38:42', '2022-06-14 11:38:42'),
(44, 3, 552338775, 4, 100, '2022-06-14 11:40:21', '2022-06-14 11:40:21'),
(45, 3, 552338775, 3, 100, '2022-06-14 11:40:21', '2022-06-14 11:40:21'),
(46, 3, 552338776, 4, 100, '2022-06-14 12:30:51', '2022-06-14 12:30:51'),
(47, 3, 552338776, 3, 100, '2022-06-14 12:30:51', '2022-06-14 12:30:51'),
(48, 1, 552338777, 4, 100, '2022-06-14 12:33:51', '2022-06-14 12:33:51'),
(49, 6, 552338777, 3, 100, '2022-06-14 12:33:51', '2022-06-14 12:33:51'),
(50, 1, 552338778, 3, 100, '2022-06-14 12:36:41', '2022-06-14 12:36:41'),
(51, 2, 552338778, 3, 100, '2022-06-14 12:36:41', '2022-06-14 12:36:41'),
(52, 1, 552338779, 3, 100, '2022-06-14 12:37:52', '2022-06-14 12:37:52'),
(53, 2, 552338779, 3, 100, '2022-06-14 12:37:52', '2022-06-14 12:37:52'),
(54, 5, 552338780, 8, 100, '2022-06-14 12:38:39', '2022-06-14 12:38:39'),
(55, 9, 552338781, 7, 100, '2022-06-15 10:25:51', '2022-06-15 10:25:51'),
(56, 1, 552338781, 4, 100, '2022-06-15 10:25:51', '2022-06-15 10:25:51'),
(57, 3, 552338781, 3, 100, '2022-06-15 10:25:51', '2022-06-15 10:25:51'),
(58, 5, 552338781, 6, 100, '2022-06-15 10:25:51', '2022-06-15 10:25:51'),
(59, 7, 552338781, 3, 100, '2022-06-15 10:25:51', '2022-06-15 10:25:51'),
(60, 1, 552338782, 2, 100, '2022-06-15 10:42:54', '2022-06-15 10:42:54'),
(61, 1, 552338783, 2, 100, '2022-06-15 10:43:15', '2022-06-15 10:43:15'),
(62, 3, 552338784, 2, 100, '2022-06-15 10:44:07', '2022-06-15 10:44:07'),
(63, 3, 552338785, 2, 100, '2022-06-15 10:52:50', '2022-06-15 10:52:50'),
(64, 3, 552338786, 2, 100, '2022-06-15 10:55:29', '2022-06-15 10:55:29'),
(65, 3, 552338787, 2, 100, '2022-06-15 10:56:27', '2022-06-15 10:56:27'),
(66, 3, 552338788, 1, 100, '2022-06-15 11:02:04', '2022-06-15 11:02:04'),
(67, 4, 552338789, 1, 100, '2022-06-15 11:02:39', '2022-06-15 11:02:39'),
(68, 3, 552338790, 3, 100, '2022-06-15 11:04:32', '2022-06-15 11:04:32'),
(69, 3, 552338791, 1, 100, '2022-06-15 11:10:29', '2022-06-15 11:10:29'),
(70, 3, 552338792, 1, 100, '2022-06-15 11:12:46', '2022-06-15 11:12:46'),
(71, 3, 552338793, 1, 100, '2022-06-15 11:13:02', '2022-06-15 11:13:02'),
(72, 5, 552338794, 3, 100, '2022-06-15 11:13:41', '2022-06-15 11:13:41'),
(73, 3, 552338795, 2, 100, '2022-06-15 11:15:40', '2022-06-15 11:15:40'),
(74, 2, 552338796, 3, 100, '2022-06-15 11:16:37', '2022-06-15 11:16:37'),
(75, 2, 552338797, 2, 100, '2022-06-15 11:19:25', '2022-06-15 11:19:25'),
(76, 2, 552338798, 2, 100, '2022-06-15 11:21:07', '2022-06-15 11:21:07'),
(77, 2, 552338799, 2, 100, '2022-06-15 11:26:16', '2022-06-15 11:26:16'),
(78, 2, 552338800, 2, 100, '2022-06-15 11:27:40', '2022-06-15 11:27:40'),
(79, 2, 552338801, 2, 100, '2022-06-15 11:28:05', '2022-06-15 11:28:05'),
(80, 2, 552338802, 2, 100, '2022-06-15 11:28:27', '2022-06-15 11:28:27'),
(81, 4, 552338803, 1, 100, '2022-06-15 11:29:34', '2022-06-15 11:29:34'),
(82, 4, 552338804, 1, 100, '2022-06-15 11:32:49', '2022-06-15 11:32:49'),
(83, 5, 552338805, 1, 100, '2022-06-15 11:36:50', '2022-06-15 11:36:50'),
(84, 4, 552338806, 3, 100, '2022-06-15 11:40:11', '2022-06-15 11:40:11'),
(85, 4, 552338807, 3, 100, '2022-06-15 11:46:55', '2022-06-15 11:46:55'),
(86, 3, 552338807, 3, 100, '2022-06-15 11:46:55', '2022-06-15 11:46:55'),
(87, 3, 552338808, 2, 100, '2022-06-15 11:51:36', '2022-06-15 11:51:36'),
(88, 6, 552338808, 3, 100, '2022-06-15 11:51:36', '2022-06-15 11:51:36'),
(89, 3, 552338809, 2, 100, '2022-06-15 11:52:01', '2022-06-15 11:52:01'),
(90, 6, 552338809, 3, 100, '2022-06-15 11:52:01', '2022-06-15 11:52:01'),
(91, 3, 552338810, 2, 100, '2022-06-15 11:54:05', '2022-06-15 11:54:05'),
(92, 6, 552338810, 3, 100, '2022-06-15 11:54:05', '2022-06-15 11:54:05'),
(93, 6, 552338811, 3, 100, '2022-06-15 12:03:31', '2022-06-15 12:03:31'),
(94, 6, 552338812, 1, 100, '2022-06-15 12:06:26', '2022-06-15 12:06:26'),
(95, 4, 552338813, 3, 100, '2022-06-15 12:13:25', '2022-06-15 12:13:25'),
(96, 6, 552338814, 4, 100, '2022-06-15 12:23:36', '2022-06-15 12:23:36'),
(97, 9, 552338814, 2, 100, '2022-06-15 12:23:36', '2022-06-15 12:23:36'),
(98, 3, 552338815, 4, 100, '2022-06-15 12:26:34', '2022-06-15 12:26:34'),
(99, 9, 552338815, 4, 100, '2022-06-15 12:26:34', '2022-06-15 12:26:34'),
(100, 6, 552338815, 2, 100, '2022-06-15 12:26:34', '2022-06-15 12:26:34'),
(101, 3, 552338816, 4, 100, '2022-06-16 04:19:56', '2022-06-16 04:19:56'),
(102, 4, 552338816, 2, 100, '2022-06-16 04:19:56', '2022-06-16 04:19:56'),
(103, 6, 552338816, 3, 100, '2022-06-16 04:19:56', '2022-06-16 04:19:56'),
(104, 11, 552338817, 3, 100, '2022-06-16 05:13:41', '2022-06-16 05:13:41'),
(105, 12, 552338817, 5, 100, '2022-06-16 05:13:41', '2022-06-16 05:13:41'),
(106, 13, 552338817, 2, 100, '2022-06-16 05:13:41', '2022-06-16 05:13:41'),
(107, 3, 552338818, 5, 100, '2022-06-16 08:36:43', '2022-06-16 08:36:43'),
(108, 4, 552338818, 2, 100, '2022-06-16 08:36:43', '2022-06-16 08:36:43'),
(109, 6, 552338818, 3, 100, '2022-06-16 08:36:43', '2022-06-16 08:36:43'),
(110, 7, 552338818, 4, 100, '2022-06-16 08:36:43', '2022-06-16 08:36:43'),
(111, 9, 552338818, 1, 100, '2022-06-16 08:36:43', '2022-06-16 08:36:43'),
(112, 7, 552338819, 2, 100, '2022-06-16 09:15:37', '2022-06-16 09:15:37'),
(113, 6, 552338820, 3, 100, '2022-06-16 09:16:02', '2022-06-16 09:16:02'),
(114, 7, 552338820, 3, 100, '2022-06-16 09:16:02', '2022-06-16 09:16:02'),
(115, 6, 552338821, 4, 100, '2022-06-16 09:43:21', '2022-06-16 09:43:21'),
(116, 10, 552338821, 3, 100, '2022-06-16 09:43:21', '2022-06-16 09:43:21'),
(117, 1, 552338822, 4, 100, '2022-06-16 12:07:53', '2022-06-16 12:07:53'),
(118, 2, 552338822, 1, 100, '2022-06-16 12:07:53', '2022-06-16 12:07:53'),
(119, 3, 552338822, 9, 100, '2022-06-16 12:07:53', '2022-06-16 12:07:53'),
(120, 4, 552338822, 9, 100, '2022-06-16 12:07:53', '2022-06-16 12:07:53'),
(121, 5, 552338822, 5, 100, '2022-06-16 12:07:53', '2022-06-16 12:07:53'),
(122, 6, 552338822, 9, 100, '2022-06-16 12:07:53', '2022-06-16 12:07:53'),
(123, 7, 552338822, 9, 100, '2022-06-16 12:07:53', '2022-06-16 12:07:53'),
(124, 8, 552338822, 5, 100, '2022-06-16 12:07:53', '2022-06-16 12:07:53'),
(125, 9, 552338822, 6, 100, '2022-06-16 12:07:53', '2022-06-16 12:07:53'),
(126, 10, 552338822, 9, 100, '2022-06-16 12:07:53', '2022-06-16 12:07:53'),
(127, 11, 552338822, 9, 100, '2022-06-16 12:07:53', '2022-06-16 12:07:53'),
(128, 12, 552338822, 9, 100, '2022-06-16 12:07:53', '2022-06-16 12:07:53'),
(129, 13, 552338822, 9, 100, '2022-06-16 12:07:53', '2022-06-16 12:07:53'),
(130, 14, 552338822, 9, 100, '2022-06-16 12:07:53', '2022-06-16 12:07:53'),
(131, 15, 552338822, 9, 100, '2022-06-16 12:07:53', '2022-06-16 12:07:53'),
(132, 1, 552338823, 2, 100, '2022-06-19 12:04:40', '2022-06-19 12:04:40'),
(133, 2, 552338823, 3, 100, '2022-06-19 12:04:40', '2022-06-19 12:04:40'),
(134, 3, 552338823, 4, 100, '2022-06-19 12:04:40', '2022-06-19 12:04:40'),
(135, 4, 552338823, 3, 100, '2022-06-19 12:04:40', '2022-06-19 12:04:40'),
(136, 5, 552338823, 3, 100, '2022-06-19 12:04:40', '2022-06-19 12:04:40'),
(137, 6, 552338823, 5, 100, '2022-06-19 12:04:40', '2022-06-19 12:04:40'),
(138, 7, 552338823, 5, 100, '2022-06-19 12:04:40', '2022-06-19 12:04:40'),
(139, 8, 552338823, 2, 100, '2022-06-19 12:04:40', '2022-06-19 12:04:40'),
(140, 10, 552338823, 3, 100, '2022-06-19 12:04:40', '2022-06-19 12:04:40'),
(141, 11, 552338823, 2, 100, '2022-06-19 12:04:40', '2022-06-19 12:04:40'),
(142, 12, 552338823, 3, 100, '2022-06-19 12:04:40', '2022-06-19 12:04:40'),
(143, 13, 552338823, 2, 100, '2022-06-19 12:04:40', '2022-06-19 12:04:40'),
(144, 14, 552338823, 6, 100, '2022-06-19 12:04:40', '2022-06-19 12:04:40'),
(145, 15, 552338823, 1, 100, '2022-06-19 12:04:40', '2022-06-19 12:04:40'),
(146, 17, 552338823, 2, 100, '2022-06-19 12:04:40', '2022-06-19 12:04:40'),
(147, 18, 552338823, 3, 100, '2022-06-19 12:04:40', '2022-06-19 12:04:40'),
(148, 19, 552338823, 2, 100, '2022-06-19 12:04:40', '2022-06-19 12:04:40'),
(149, 20, 552338823, 3, 100, '2022-06-19 12:04:40', '2022-06-19 12:04:40'),
(150, 21, 552338823, 3, 100, '2022-06-19 12:04:40', '2022-06-19 12:04:40'),
(151, 22, 552338823, 2, 100, '2022-06-19 12:04:40', '2022-06-19 12:04:40'),
(152, 1, 552338824, 1, 100, '2022-06-19 12:10:09', '2022-06-19 12:10:09'),
(153, 2, 552338824, 1, 100, '2022-06-19 12:10:09', '2022-06-19 12:10:09'),
(154, 3, 552338824, 1, 100, '2022-06-19 12:10:09', '2022-06-19 12:10:09'),
(155, 4, 552338824, 1, 100, '2022-06-19 12:10:09', '2022-06-19 12:10:09'),
(156, 5, 552338824, 1, 100, '2022-06-19 12:10:09', '2022-06-19 12:10:09'),
(157, 6, 552338824, 1, 100, '2022-06-19 12:10:09', '2022-06-19 12:10:09'),
(158, 7, 552338824, 1, 100, '2022-06-19 12:10:09', '2022-06-19 12:10:09'),
(159, 8, 552338824, 1, 100, '2022-06-19 12:10:09', '2022-06-19 12:10:09'),
(160, 10, 552338824, 1, 100, '2022-06-19 12:10:09', '2022-06-19 12:10:09'),
(161, 11, 552338824, 1, 100, '2022-06-19 12:10:09', '2022-06-19 12:10:09'),
(162, 12, 552338824, 1, 100, '2022-06-19 12:10:09', '2022-06-19 12:10:09'),
(163, 13, 552338824, 1, 100, '2022-06-19 12:10:09', '2022-06-19 12:10:09'),
(164, 14, 552338824, 1, 100, '2022-06-19 12:10:09', '2022-06-19 12:10:09'),
(165, 15, 552338824, 1, 100, '2022-06-19 12:10:09', '2022-06-19 12:10:09'),
(166, 17, 552338824, 1, 100, '2022-06-19 12:10:09', '2022-06-19 12:10:09'),
(167, 18, 552338824, 1, 100, '2022-06-19 12:10:09', '2022-06-19 12:10:09'),
(168, 19, 552338824, 1, 100, '2022-06-19 12:10:09', '2022-06-19 12:10:09'),
(169, 20, 552338824, 1, 100, '2022-06-19 12:10:09', '2022-06-19 12:10:09'),
(170, 21, 552338824, 1, 100, '2022-06-19 12:10:09', '2022-06-19 12:10:09'),
(171, 22, 552338824, 1, 100, '2022-06-19 12:10:09', '2022-06-19 12:10:09'),
(172, 23, 552338824, 1, 100, '2022-06-19 12:10:09', '2022-06-19 12:10:09'),
(173, 1, 552338824, 1, 100, '2022-06-19 12:10:09', '2022-06-19 12:10:09'),
(174, 2, 552338824, 1, 100, '2022-06-19 12:10:09', '2022-06-19 12:10:09'),
(175, 4, 552338824, 1, 100, '2022-06-19 12:10:09', '2022-06-19 12:10:09'),
(176, 12, 552338824, 1, 100, '2022-06-19 12:10:09', '2022-06-19 12:10:09'),
(177, 19, 552338824, 1, 100, '2022-06-19 12:10:09', '2022-06-19 12:10:09'),
(178, 17, 552338824, 1, 100, '2022-06-19 12:10:09', '2022-06-19 12:10:09'),
(179, 13, 552338824, 1, 100, '2022-06-19 12:10:09', '2022-06-19 12:10:09'),
(180, 5, 552338824, 1, 100, '2022-06-19 12:10:09', '2022-06-19 12:10:09'),
(181, 11, 552338824, 1, 100, '2022-06-19 12:10:09', '2022-06-19 12:10:09'),
(182, 1, 552338825, 3, 100, '2022-06-20 10:17:52', '2022-06-20 10:17:52'),
(183, 7, 552338825, 3, 100, '2022-06-20 10:17:52', '2022-06-20 10:17:52'),
(184, 6, 552338825, 2, 100, '2022-06-20 10:17:52', '2022-06-20 10:17:52'),
(185, 14, 552338825, 7, 100, '2022-06-20 10:17:52', '2022-06-20 10:17:52'),
(186, 15, 552338825, 2, 100, '2022-06-20 10:17:52', '2022-06-20 10:17:52'),
(187, 13, 552338825, 2, 100, '2022-06-20 10:17:52', '2022-06-20 10:17:52'),
(188, 1, 552338826, 5, 100, '2022-06-20 12:40:05', '2022-06-20 12:40:05'),
(189, 11, 552338826, 6, 100, '2022-06-20 12:40:05', '2022-06-20 12:40:05'),
(190, 1, 552338827, 8, 100, '2022-06-21 05:58:13', '2022-06-21 05:58:13'),
(191, 3, 552338827, 2, 100, '2022-06-21 05:58:13', '2022-06-21 05:58:13'),
(192, 4, 552338827, 11, 100, '2022-06-21 05:58:13', '2022-06-21 05:58:13'),
(193, 6, 552338827, 3, 100, '2022-06-21 05:58:14', '2022-06-21 05:58:14'),
(194, 10, 552338827, 9, 100, '2022-06-21 05:58:14', '2022-06-21 05:58:14'),
(195, 6, 552338827, 2, 100, '2022-06-21 05:58:14', '2022-06-21 05:58:14'),
(196, 8, 552338827, 9, 100, '2022-06-21 05:58:14', '2022-06-21 05:58:14'),
(197, 14, 552338827, 7, 100, '2022-06-21 05:58:14', '2022-06-21 05:58:14'),
(198, 8, 552338828, 7, 100, '2022-06-21 06:26:54', '2022-06-21 06:26:54'),
(199, 11, 552338828, 4, 100, '2022-06-21 06:26:54', '2022-06-21 06:26:54'),
(200, 1, 552338829, 9, 100, '2022-06-22 08:19:47', '2022-06-22 08:19:47'),
(201, 11, 552338829, 15, 100, '2022-06-22 08:19:47', '2022-06-22 08:19:47'),
(202, 15, 552338829, 8, 100, '2022-06-22 08:19:47', '2022-06-22 08:19:47'),
(203, 18, 552338830, 10, 100, '2022-06-22 08:20:33', '2022-06-22 08:20:33'),
(204, 8, 552338830, 11, 100, '2022-06-22 08:20:33', '2022-06-22 08:20:33'),
(205, 23, 552338830, 8, 100, '2022-06-22 08:20:33', '2022-06-22 08:20:33'),
(206, 1, 552338831, 21, 100, '2022-06-22 08:21:59', '2022-06-22 08:21:59'),
(207, 3, 552338831, 4, 100, '2022-06-22 08:21:59', '2022-06-22 08:21:59'),
(208, 4, 552338831, 3, 100, '2022-06-22 08:21:59', '2022-06-22 08:21:59'),
(209, 5, 552338831, 10, 100, '2022-06-22 08:21:59', '2022-06-22 08:21:59'),
(210, 6, 552338831, 38, 100, '2022-06-22 08:21:59', '2022-06-22 08:21:59'),
(211, 8, 552338831, 10, 100, '2022-06-22 08:21:59', '2022-06-22 08:21:59'),
(212, 10, 552338831, 98, 100, '2022-06-22 08:21:59', '2022-06-22 08:21:59'),
(213, 11, 552338831, 1, 100, '2022-06-22 08:21:59', '2022-06-22 08:21:59'),
(214, 14, 552338832, 4, 100, '2022-06-23 11:41:43', '2022-06-23 11:41:43'),
(215, 20, 552338832, 4, 100, '2022-06-23 11:41:43', '2022-06-23 11:41:43'),
(216, 9, 552338833, 31, 100, '2022-06-23 12:02:27', '2022-06-23 12:02:27'),
(217, 23, 552338834, 9, 100, '2022-06-23 12:05:02', '2022-06-23 12:05:02'),
(218, 22, 552338834, 12, 100, '2022-06-23 12:05:02', '2022-06-23 12:05:02'),
(219, 11, 552338834, 15, 100, '2022-06-23 12:05:02', '2022-06-23 12:05:02'),
(220, 3, 552338835, 2, 100, '2022-06-27 04:46:35', '2022-06-27 04:46:35'),
(221, 3, 552338836, 2, 100, '2022-06-27 04:48:52', '2022-06-27 04:48:52'),
(222, 2, 552338837, 2, 100, '2022-06-27 04:49:45', '2022-06-27 04:49:45'),
(223, 4, 552338838, 3, 100, '2022-06-27 05:06:33', '2022-06-27 05:06:33'),
(224, 19, 552338838, 2, 100, '2022-06-27 05:06:33', '2022-06-27 05:06:33'),
(225, 3, 552338839, 1, 100, '2022-06-27 05:07:34', '2022-06-27 05:07:34'),
(226, 19, 552338839, 1, 100, '2022-06-27 05:07:34', '2022-06-27 05:07:34'),
(227, 3, 552338840, 1, 100, '2022-06-27 05:08:08', '2022-06-27 05:08:08'),
(228, 19, 552338840, 1, 100, '2022-06-27 05:08:08', '2022-06-27 05:08:08'),
(229, 4, 552338841, 2, 100, '2022-06-27 05:10:39', '2022-06-27 05:10:39'),
(230, 3, 552338842, 1, 100, '2022-06-27 05:40:03', '2022-06-27 05:40:03'),
(231, 4, 552338843, 10, 100, '2022-06-28 08:34:25', '2022-06-28 08:34:25'),
(232, 9, 552338844, 7, 100, '2022-06-28 08:36:04', '2022-06-28 08:36:04'),
(233, 11, 552338844, 2, 100, '2022-06-28 08:36:04', '2022-06-28 08:36:04'),
(234, 15, 552338844, 7, 100, '2022-06-28 08:36:04', '2022-06-28 08:36:04'),
(235, 1, 552338845, 3, 100, '2022-06-28 10:21:51', '2022-06-28 10:21:51'),
(236, 2, 552338845, 4, 100, '2022-06-28 10:21:52', '2022-06-28 10:21:52'),
(237, 3, 552338845, 5, 100, '2022-06-28 10:21:52', '2022-06-28 10:21:52'),
(238, 6, 552338845, 2, 100, '2022-06-28 10:21:52', '2022-06-28 10:21:52'),
(239, 12, 552338845, 3, 100, '2022-06-28 10:21:52', '2022-06-28 10:21:52'),
(240, 14, 552338845, 7, 100, '2022-06-28 10:21:52', '2022-06-28 10:21:52'),
(241, 22, 552338845, 8, 100, '2022-06-28 10:21:52', '2022-06-28 10:21:52'),
(242, 4, 552338846, 14, 100, '2022-06-28 10:45:34', '2022-06-28 10:45:34'),
(243, 1, 552338847, 2, 100, '2022-06-29 12:18:05', '2022-06-29 12:18:05'),
(244, 4, 552338847, 1, 100, '2022-06-29 12:18:05', '2022-06-29 12:18:05'),
(245, 14, 552338847, 9, 100, '2022-06-29 12:18:05', '2022-06-29 12:18:05'),
(246, 20, 552338848, 4, 100, '2022-06-29 12:18:23', '2022-06-29 12:18:23'),
(247, 19, 552338848, 12, 100, '2022-06-29 12:18:23', '2022-06-29 12:18:23'),
(248, 17, 552338848, 2, 100, '2022-06-29 12:18:23', '2022-06-29 12:18:23'),
(249, 4, 552338849, 4, 100, '2022-07-06 05:32:38', '2022-07-06 05:32:38'),
(250, 3, 552338849, 2, 100, '2022-07-06 05:32:38', '2022-07-06 05:32:38'),
(251, 9, 552338849, 12, 100, '2022-07-06 05:32:38', '2022-07-06 05:32:38'),
(252, 14, 552338849, 9, 100, '2022-07-06 05:32:38', '2022-07-06 05:32:38');

-- --------------------------------------------------------

--
-- Table structure for table `users`
--

CREATE TABLE `users` (
  `id` int(10) UNSIGNED NOT NULL,
  `name` varchar(100) COLLATE utf8mb4_unicode_ci NOT NULL,
  `phone` varchar(15) COLLATE utf8mb4_unicode_ci NOT NULL,
  `email` varchar(100) COLLATE utf8mb4_unicode_ci NOT NULL,
  `verification` varchar(255) COLLATE utf8mb4_unicode_ci NOT NULL,
  `password` varchar(255) COLLATE utf8mb4_unicode_ci NOT NULL,
  `usertype` varchar(255) COLLATE utf8mb4_unicode_ci NOT NULL DEFAULT 'customer',
  `image` varchar(255) COLLATE utf8mb4_unicode_ci NOT NULL DEFAULT 'dp.png',
  `address` text COLLATE utf8mb4_unicode_ci NOT NULL,
  `created_at` timestamp NULL DEFAULT NULL,
  `updated_at` timestamp NULL DEFAULT NULL
) ENGINE=InnoDB DEFAULT CHARSET=utf8mb4 COLLATE=utf8mb4_unicode_ci;

--
-- Dumping data for table `users`
--

INSERT INTO `users` (`id`, `name`, `phone`, `email`, `verification`, `password`, `usertype`, `image`, `address`, `created_at`, `updated_at`) VALUES
(1, 'admin', '01999999999', 'admin@mail.com', 'verified', '$2y$10$FWqIKABPDGnNEUjz.16DQeqEGIlwQepYfHhqQ/y3kPx48TCqeDQxW', 'admin', 'admin.png', 'dhaka', NULL, NULL),
(2, 'rafid', '01633394589', 'admin@gmail.com', 'verified', '$2y$10$FWqIKABPDGnNEUjz.16DQeqEGIlwQepYfHhqQ/y3kPx48TCqeDQxW', 'customer', 'img01633394589.jpg', 'dhaka', '2022-06-22 09:23:14', '2022-06-23 10:55:41'),
(61, 'Rafid', '01997617645', 'rafid@gmail.com', 'verified', '$2y$10$mtQQtAOrI6JFH7gCmmcZ8u.prsnVQrmgRK8OU.SaUyPvpUltcnz6i', 'customer', 'dp.png', 'dhaka', '2022-07-06 05:29:48', '2022-07-06 05:30:24');

-- --------------------------------------------------------

--
-- Table structure for table `visitor`
--

CREATE TABLE `visitor` (
  `id` int(10) UNSIGNED NOT NULL,
  `click` int(11) NOT NULL,
  `viewer` int(11) NOT NULL,
  `created_at` timestamp NULL DEFAULT NULL,
  `updated_at` timestamp NULL DEFAULT NULL
) ENGINE=InnoDB DEFAULT CHARSET=utf8mb4 COLLATE=utf8mb4_unicode_ci;

--
-- Dumping data for table `visitor`
--

INSERT INTO `visitor` (`id`, `click`, `viewer`, `created_at`, `updated_at`) VALUES
(1, 100, 50, '2022-06-01 04:22:46', NULL),
(2, 100, 154, '2022-06-02 04:22:51', NULL),
(3, 654, 571, '2022-06-03 04:23:00', NULL),
(4, 564, 84, '2022-06-04 04:23:11', NULL),
(5, 43, 432, '2022-06-04 18:00:00', NULL),
(6, 76, 453, '2022-06-06 04:24:07', NULL),
(7, 12, 324, '2022-06-06 18:00:00', NULL),
(8, 345, 34, '2022-06-07 18:00:00', NULL),
(9, 675, 453, '2022-06-09 04:24:32', NULL);

--
-- Indexes for dumped tables
--

--
-- Indexes for table `failed_jobs`
--
ALTER TABLE `failed_jobs`
  ADD PRIMARY KEY (`id`),
  ADD UNIQUE KEY `failed_jobs_uuid_unique` (`uuid`);

--
-- Indexes for table `invoices`
--
ALTER TABLE `invoices`
  ADD PRIMARY KEY (`id`),
  ADD UNIQUE KEY `invoices_invoice_number_unique` (`invoice_number`);

--
-- Indexes for table `migrations`
--
ALTER TABLE `migrations`
  ADD PRIMARY KEY (`id`);

--
-- Indexes for table `password_resets`
--
ALTER TABLE `password_resets`
  ADD KEY `password_resets_email_index` (`email`);

--
-- Indexes for table `personal_access_tokens`
--
ALTER TABLE `personal_access_tokens`
  ADD PRIMARY KEY (`id`),
  ADD UNIQUE KEY `personal_access_tokens_token_unique` (`token`),
  ADD KEY `personal_access_tokens_tokenable_type_tokenable_id_index` (`tokenable_type`,`tokenable_id`);

--
-- Indexes for table `products`
--
ALTER TABLE `products`
  ADD PRIMARY KEY (`id`),
  ADD UNIQUE KEY `products_name_unique` (`name`),
  ADD UNIQUE KEY `products_sku_unique` (`sku`);

--
-- Indexes for table `sold_items`
--
ALTER TABLE `sold_items`
  ADD PRIMARY KEY (`id`),
  ADD KEY `sold_items_product_id_foreign` (`product_id`),
  ADD KEY `sold_items_invoice_id_foreign` (`invoice_id`);

--
-- Indexes for table `users`
--
ALTER TABLE `users`
  ADD PRIMARY KEY (`id`),
  ADD UNIQUE KEY `users_phone_unique` (`phone`),
  ADD UNIQUE KEY `users_email_unique` (`email`);

--
-- Indexes for table `visitor`
--
ALTER TABLE `visitor`
  ADD PRIMARY KEY (`id`);

--
-- AUTO_INCREMENT for dumped tables
--

--
-- AUTO_INCREMENT for table `failed_jobs`
--
ALTER TABLE `failed_jobs`
  MODIFY `id` bigint(20) UNSIGNED NOT NULL AUTO_INCREMENT;

--
-- AUTO_INCREMENT for table `invoices`
--
ALTER TABLE `invoices`
  MODIFY `id` int(10) UNSIGNED NOT NULL AUTO_INCREMENT, AUTO_INCREMENT=552338850;

--
-- AUTO_INCREMENT for table `migrations`
--
ALTER TABLE `migrations`
  MODIFY `id` int(10) UNSIGNED NOT NULL AUTO_INCREMENT, AUTO_INCREMENT=11;

--
-- AUTO_INCREMENT for table `personal_access_tokens`
--
ALTER TABLE `personal_access_tokens`
  MODIFY `id` bigint(20) UNSIGNED NOT NULL AUTO_INCREMENT, AUTO_INCREMENT=11;

--
-- AUTO_INCREMENT for table `products`
--
ALTER TABLE `products`
  MODIFY `id` int(10) UNSIGNED NOT NULL AUTO_INCREMENT, AUTO_INCREMENT=25;

--
-- AUTO_INCREMENT for table `sold_items`
--
ALTER TABLE `sold_items`
  MODIFY `id` int(10) UNSIGNED NOT NULL AUTO_INCREMENT, AUTO_INCREMENT=253;

--
-- AUTO_INCREMENT for table `users`
--
ALTER TABLE `users`
  MODIFY `id` int(10) UNSIGNED NOT NULL AUTO_INCREMENT, AUTO_INCREMENT=63;

--
-- AUTO_INCREMENT for table `visitor`
--
ALTER TABLE `visitor`
  MODIFY `id` int(10) UNSIGNED NOT NULL AUTO_INCREMENT, AUTO_INCREMENT=10;

--
-- Constraints for dumped tables
--

--
-- Constraints for table `sold_items`
--
ALTER TABLE `sold_items`
  ADD CONSTRAINT `sold_items_invoice_id_foreign` FOREIGN KEY (`invoice_id`) REFERENCES `invoices` (`id`) ON DELETE NO ACTION,
  ADD CONSTRAINT `sold_items_product_id_foreign` FOREIGN KEY (`product_id`) REFERENCES `products` (`id`) ON DELETE NO ACTION;
COMMIT;

/*!40101 SET CHARACTER_SET_CLIENT=@OLD_CHARACTER_SET_CLIENT */;
/*!40101 SET CHARACTER_SET_RESULTS=@OLD_CHARACTER_SET_RESULTS */;
/*!40101 SET COLLATION_CONNECTION=@OLD_COLLATION_CONNECTION */;
